-- Insert subjects
INSERT INTO subjects (id, name, category) VALUES (1, 'Maths', 'Compulsory');
INSERT INTO subjects (id, name, category) VALUES (2, 'Eng', 'Compulsory');
INSERT INTO subjects (id, name, category) VALUES (3, 'Kis', 'Compulsory');
INSERT INTO subjects (id, name, category) VALUES (4, 'Bio', 'Sciences');
INSERT INTO subjects (id, name, category) VALUES (5, 'Phy', 'Sciences');
INSERT INTO subjects (id, name, category) VALUES (6, 'Chem', 'Sciences');
INSERT INTO subjects (id, name, category) VALUES (7, 'Geog', 'Humanities');
INSERT INTO subjects (id, name, category) VALUES (8, 'CRE', 'Humanities');
INSERT INTO subjects (id, name, category) VALUES (9, 'Histo', 'Humanities');
INSERT INTO subjects (id, name, category) VALUES (10, 'Agri', 'Technical');
INSERT INTO subjects (id, name, category) VALUES (11, 'Comp', 'Technical');
INSERT INTO subjects (id, name, category) VALUES (12, 'BeD', 'Technical');


-- Insert students
INSERT INTO students (id, first_name, last_name) VALUES (1, 'Alice', 'Mumbua');
INSERT INTO students (id, first_name, last_name) VALUES (2, 'Bob', "Kaloki");
INSERT INTO students (id, first_name, last_name) VALUES (3, 'Carol', 'Nduta');
INSERT INTO students (id, first_name, last_name) VALUES (4, 'Dave', 'Gatundu');
INSERT INTO students (id, first_name, last_name) VALUES (5, 'Kevin', 'Kyalo');
INSERT INTO students (id, first_name, last_name) VALUES (6, 'Eve', 'Waithera');
INSERT INTO students (id, first_name, last_name) VALUES (7, 'Frank', 'Kamau');
INSERT INTO students (id, first_name, last_name) VALUES (8, 'Grace', 'Njoroge');
INSERT INTO students (id, first_name, last_name) VALUES (9, 'Hannah', 'Wanjiru');
INSERT INTO students (id, first_name, last_name) VALUES (10, 'Irene', 'Wambui');
INSERT INTO students (id, first_name, last_name) VALUES (11, 'Jack', 'Mwangi');
INSERT INTO students (id, first_name, last_name) VALUES (12, 'Kelly', 'Wairimu');
INSERT INTO students (id, first_name, last_name) VALUES (13, 'Laura', 'Karanja');
INSERT INTO students (id, first_name, last_name) VALUES (14, 'Michael', 'Kinyanjui');


-- Insert exam results
INSERT INTO exam_results (id, marks, student_id, subject_id) VALUES (1, 70, 1, 1);
INSERT INTO exam_results (id, marks, student_id, subject_id) VALUES (2, 65, 1, 2);
INSERT INTO exam_results (id, marks, student_id, subject_id) VALUES (3, 75, 1, 3);
INSERT INTO exam_results (id, marks, student_id, subject_id) VALUES (4, 80, 1, 4);
INSERT INTO exam_results (id, marks, student_id, subject_id) VALUES (5, 85, 1, 5);
INSERT INTO exam_results (id, marks, student_id, subject_id) VALUES (29, 95, 1, 6);
INSERT INTO exam_results (id, marks, student_id, subject_id) VALUES (6, 78, 1, 7);
INSERT INTO exam_results (id, marks, student_id, subject_id) VALUES (7, 82, 1, 10);
INSERT INTO exam_results (id, marks, student_id, subject_id) VALUES (8, 60, 2, 1);
INSERT INTO exam_results (id, marks, student_id, subject_id) VALUES (9, 55, 2, 2);
INSERT INTO exam_results (id, marks, student_id, subject_id) VALUES (10, 65, 2, 3);
INSERT INTO exam_results (id, marks, student_id, subject_id) VALUES (11, 70, 2, 4);
INSERT INTO exam_results (id, marks, student_id, subject_id) VALUES (12, 75, 2, 5);
INSERT INTO exam_results (id, marks, student_id, subject_id) VALUES (13, 68, 2, 7);
INSERT INTO exam_results (id, marks, student_id, subject_id) VALUES (14, 72, 2, 10);
INSERT INTO exam_results (id, marks, student_id, subject_id) VALUES (15, 73, 3, 1);
INSERT INTO exam_results (id, marks, student_id, subject_id) VALUES (16, 60, 3, 2);
INSERT INTO exam_results (id, marks, student_id, subject_id) VALUES (17, 80, 3, 3);
INSERT INTO exam_results (id, marks, student_id, subject_id) VALUES (18, 85, 3, 4);
INSERT INTO exam_results (id, marks, student_id, subject_id) VALUES (19, 82, 3, 5);
INSERT INTO exam_results (id, marks, student_id, subject_id) VALUES (20, 76, 3, 8);
INSERT INTO exam_results (id, marks, student_id, subject_id) VALUES (21, 70, 3, 10);
INSERT INTO exam_results (id, marks, student_id, subject_id) VALUES (22, 60, 4, 1);
INSERT INTO exam_results (id, marks, student_id, subject_id) VALUES (23, 58, 4, 2);
INSERT INTO exam_results (id, marks, student_id, subject_id) VALUES (24, 79, 4, 3);
INSERT INTO exam_results (id, marks, student_id, subject_id) VALUES (25, 81, 4, 4);
INSERT INTO exam_results (id, marks, student_id, subject_id) VALUES (26, 74, 4, 6);
INSERT INTO exam_results (id, marks, student_id, subject_id) VALUES (27, 67, 4, 9);
INSERT INTO exam_results (id, marks, student_id, subject_id) VALUES (28, 69, 4, 12);
INSERT INTO exam_results (id, marks, student_id, subject_id) VALUES (30, 60, 5, 1);
INSERT INTO exam_results (id, marks, student_id, subject_id) VALUES (31, 58, 5, 2);
INSERT INTO exam_results (id, marks, student_id, subject_id) VALUES (32, 79, 5, 3);
INSERT INTO exam_results (id, marks, student_id, subject_id) VALUES (33, 81, 5, 4);
INSERT INTO exam_results (id, marks, student_id, subject_id) VALUES (34, 74, 5, 6);
INSERT INTO exam_results (id, marks, student_id, subject_id) VALUES (35, 67, 5, 9);
INSERT INTO exam_results (id, marks, student_id, subject_id) VALUES (36, 69, 5, 12);
INSERT INTO exam_results (id, marks, student_id, subject_id) VALUES (37, 65, 6, 1);
INSERT INTO exam_results (id, marks, student_id, subject_id) VALUES (38, 62, 6, 2);
INSERT INTO exam_results (id, marks, student_id, subject_id) VALUES (39, 68, 6, 3);
INSERT INTO exam_results (id, marks, student_id, subject_id) VALUES (40, 72, 6, 4);
INSERT INTO exam_results (id, marks, student_id, subject_id) VALUES (41, 66, 6, 5);
INSERT INTO exam_results (id, marks, student_id, subject_id) VALUES (42, 74, 6, 6);
INSERT INTO exam_results (id, marks, student_id, subject_id) VALUES (43, 70, 6, 7);
INSERT INTO exam_results (id, marks, student_id, subject_id) VALUES (44, 76, 6, 8);
INSERT INTO exam_results (id, marks, student_id, subject_id) VALUES (45, 60, 7, 1);
INSERT INTO exam_results (id, marks, student_id, subject_id) VALUES (46, 58, 7, 2);
INSERT INTO exam_results (id, marks, student_id, subject_id) VALUES (47, 62, 7, 3);
INSERT INTO exam_results (id, marks, student_id, subject_id) VALUES (48, 70, 7, 4);
INSERT INTO exam_results (id, marks, student_id, subject_id) VALUES (49, 64, 7, 5);
INSERT INTO exam_results (id, marks, student_id, subject_id) VALUES (50, 78, 7, 6);
INSERT INTO exam_results (id, marks, student_id, subject_id) VALUES (51, 68, 7, 7);
INSERT INTO exam_results (id, marks, student_id, subject_id) VALUES (52, 74, 7, 8);
INSERT INTO exam_results (id, marks, student_id, subject_id) VALUES (53, 72, 8, 1);
INSERT INTO exam_results (id, marks, student_id, subject_id) VALUES (54, 67, 8, 2);
INSERT INTO exam_results (id, marks, student_id, subject_id) VALUES (55, 75, 8, 3);
INSERT INTO exam_results (id, marks, student_id, subject_id) VALUES (56, 80, 8, 4);
INSERT INTO exam_results (id, marks, student_id, subject_id) VALUES (57, 74, 8, 5);
INSERT INTO exam_results (id, marks, student_id, subject_id) VALUES (58, 82, 8, 6);
INSERT INTO exam_results (id, marks, student_id, subject_id) VALUES (59, 78, 8, 7);
INSERT INTO exam_results (id, marks, student_id, subject_id) VALUES (60, 81, 8, 8);
INSERT INTO exam_results (id, marks, student_id, subject_id) VALUES (61, 65, 9, 1);
INSERT INTO exam_results (id, marks, student_id, subject_id) VALUES (62, 64, 9, 2);
INSERT INTO exam_results (id, marks, student_id, subject_id) VALUES (63, 71, 9, 3);
INSERT INTO exam_results (id, marks, student_id, subject_id) VALUES (64, 73, 9, 4);
INSERT INTO exam_results (id, marks, student_id, subject_id) VALUES (65, 75, 9, 5);
INSERT INTO exam_results (id, marks, student_id, subject_id) VALUES (66, 77, 9, 6);
INSERT INTO exam_results (id, marks, student_id, subject_id) VALUES (67, 79, 9, 7);
INSERT INTO exam_results (id, marks, student_id, subject_id) VALUES (68, 82, 9, 8);
INSERT INTO exam_results (id, marks, student_id, subject_id) VALUES (69, 78, 10, 1);
INSERT INTO exam_results (id, marks, student_id, subject_id) VALUES (70, 71, 10, 2);
INSERT INTO exam_results (id, marks, student_id, subject_id) VALUES (71, 80, 10, 3);
INSERT INTO exam_results (id, marks, student_id, subject_id) VALUES (72, 75, 10, 4);
INSERT INTO exam_results (id, marks, student_id, subject_id) VALUES (73, 79, 10, 5);
INSERT INTO exam_results (id, marks, student_id, subject_id) VALUES (74, 85, 10, 6);
INSERT INTO exam_results (id, marks, student_id, subject_id) VALUES (75, 76, 10, 7);
INSERT INTO exam_results (id, marks, student_id, subject_id) VALUES (76, 80, 10, 8);
INSERT INTO exam_results (id, marks, student_id, subject_id) VALUES (77, 70, 11, 1);
INSERT INTO exam_results (id, marks, student_id, subject_id) VALUES (78, 69, 11, 2);
INSERT INTO exam_results (id, marks, student_id, subject_id) VALUES (79, 78, 11, 3);
INSERT INTO exam_results (id, marks, student_id, subject_id) VALUES (80, 73, 11, 4);
INSERT INTO exam_results (id, marks, student_id, subject_id) VALUES (81, 75, 11, 5);
INSERT INTO exam_results (id, marks, student_id, subject_id) VALUES (82, 79, 11, 6);
INSERT INTO exam_results (id, marks, student_id, subject_id) VALUES (83, 81, 11, 7);
INSERT INTO exam_results (id, marks, student_id, subject_id) VALUES (84, 82, 11, 8);
INSERT INTO exam_results (id, marks, student_id, subject_id) VALUES (85, 67, 12, 1);
INSERT INTO exam_results (id, marks, student_id, subject_id) VALUES (86, 65, 12, 2);
INSERT INTO exam_results (id, marks, student_id, subject_id) VALUES (87, 70, 12, 3);
INSERT INTO exam_results (id, marks, student_id, subject_id) VALUES (88, 77, 12, 4);
INSERT INTO exam_results (id, marks, student_id, subject_id) VALUES (89, 72, 12, 5);
INSERT INTO exam_results (id, marks, student_id, subject_id) VALUES (90, 75, 12, 6);
INSERT INTO exam_results (id, marks, student_id, subject_id) VALUES (91, 79, 12, 7);
INSERT INTO exam_results (id, marks, student_id, subject_id) VALUES (92, 80, 12, 8);
INSERT INTO exam_results (id, marks, student_id, subject_id) VALUES (93, 75, 13, 1);
INSERT INTO exam_results (id, marks, student_id, subject_id) VALUES (94, 70, 13, 2);
INSERT INTO exam_results (id, marks, student_id, subject_id) VALUES (95, 80, 13, 3);
INSERT INTO exam_results (id, marks, student_id, subject_id) VALUES (96, 83, 13, 4);
INSERT INTO exam_results (id, marks, student_id, subject_id) VALUES (97, 77, 13, 5);
INSERT INTO exam_results (id, marks, student_id, subject_id) VALUES (98, 78, 13, 6);
INSERT INTO exam_results (id, marks, student_id, subject_id) VALUES (99, 82, 13, 7);
INSERT INTO exam_results (id, marks, student_id, subject_id) VALUES (100, 85, 13, 8);
INSERT INTO exam_results (id, marks, student_id, subject_id) VALUES (101, 68, 14, 1);
INSERT INTO exam_results (id, marks, student_id, subject_id) VALUES (102, 65, 14, 2);
INSERT INTO exam_results (id, marks, student_id, subject_id) VALUES (103, 74, 14, 3);
INSERT INTO exam_results (id, marks, student_id, subject_id) VALUES (104, 76, 14, 4);
INSERT INTO exam_results (id, marks, student_id, subject_id) VALUES (105, 72, 14, 5);
INSERT INTO exam_results (id, marks, student_id, subject_id) VALUES (106, 73, 14, 6);
INSERT INTO exam_results (id, marks, student_id, subject_id) VALUES (107, 77, 14, 7);
INSERT INTO exam_results (id, marks, student_id, subject_id) VALUES (108, 79, 14, 8);

